2007,SatJan 13,3:00pm
2007,SatJan 20,11:00am
2007,SatFeb 3,9:00pm
2007,SatFeb 17,11:00am
2007,SatFeb 24,5:30am
2007,SatMar 10,7:01pm
2007,SatMar 31,12:00pm
2007,SatApr 7,3:00pm
2007,ThuApr 12,7:45am
2007,SatJan 13,3:00pm
2007,SatJan 20,11:00am
2007,SatFeb 3,9:00pm
2007,SatFeb 17,11:00am
2007,SatFeb 24,5:30am
2007,SatMar 10,7:01pm
2007,SatMar 31,12:00pm
2007,SatApr 7,3:00pm
2007,SatApr 21,12:15pm
2007,SatApr 28,10:00am
2007,SatMay 5,12:15pm
2007,SatMay 19,12:00am
2007,SatMay 26,10:00am
2007,SatJun 9,7:01pm
2007,SatJun 16,10:00am
2007,SatJun 23,9:00am
2007,SunJun 24,
2007,SatJun 30,10:30am
2007,SatJul 7,7:01pm
2007,SatJul 14,10:30am
2007,SatJul 21,5:00am
2007,SatJan 13,3:00pm
2007,SatJan 20,11:00am
2007,SatFeb 3,9:00pm
2007,SatFeb 17,11:00am
2007,SatFeb 24,5:30am
2007,SatMar 10,7:01pm
2007,SatMar 31,12:00pm
2007,SatApr 7,3:00pm
2007,SatApr 21,12:15pm
2007,SatApr 28,10:00am
2007,SatMay 5,12:15pm
2007,SatMay 19,12:00am
2007,SatMay 26,10:00am
2007,SatJun 9,7:01pm
2007,SatJun 16,10:00am
2007,SatJun 23,9:00am
2007,SunJun 24,
2007,SatJun 30,10:30am
2007,SatJul 7,7:01pm
2007,SatJul 14,10:30am
2007,SatJul 21,5:00am
2007,SatAug 4,10:00am
2007,SatAug 11,2:00pm
2007,SatAug 18,10:00am
2007,SatAug 25,10:00am
2007,SunAug 26,
2007,SatSep 15,10:00am
2007,SatSep 22,1:00pm
2007,TueSep 25,Jul Data
2007,SatOct 6,7:00pm
2007,SatOct 13,10:00am
2007,SatNov 3,9:00pm
2007,SatNov 10,11:00am
2007,SatNov 24,5:30am
2007,SatDec 1,9:00pm
2007,SatDec 8,4:00pm
2007,SatDec 15,10:15am
2007,SatDec 22,11:30am
2007,SatDec 29,11:30am
2008,SatJan 19,11:30am
2008,SatFeb 9,12:00am
2008,SatFeb 16,2:15pm
2008,SatFeb 23,2:30pm
2008,SunFeb 24,
2008,SatMar 1,9:00pm
2008,SatMar 8,4:00pm
2008,SatMar 15,1:00pm
2008,SatMar 22,12:00am
2008,SatApr 19,12:00pm
2008,SatApr 26,9:55am
2008,SatMay 3,9:00pm
2008,SatMay 10,8:30am
2008,SatMay 24,10:00am
2008,SatJun 7,3:00pm
2008,SatJun 28,12:30pm
2008,SatJul 5,10:00am
2008,SatJul 12,2:00pm
2008,SatJul 19,8:30am
2008,SatJul 26,10:00am
2008,SatAug 9,10:00am
2008,SatAug 16,9:55am
2008,SatAug 30,9:55am
2008,SatSep 13,10:00am
2008,SatSep 20,10:00am
2008,TueSep 23,Jul Data
2008,SatOct 11,7:00pm
2008,SatOct 18,9:55am
2008,SatNov 1,9:00pm
2008,SatNov 29,9:30am
2008,SatDec 6,4:00pm
2008,SatDec 13,11:00am
2008,SatDec 20,10:00am
2008,SatDec 27,12:00am
2008,SunDec 28,
2009,SatJan 10,8:01pm
2009,SatJan 17,1:15pm
2009,SatJan 24,11:30am
2009,SatFeb 7,8:01pm
2009,SatFeb 21,9:30am
2009,SatFeb 28,11:45am
2009,SatMar 21,12:00pm
2009,SatMay 9,1:15pm
2009,SatMay 16,9:55am
2009,SatMay 30,9:55am
2009,SatJun 20,9:45am
2009,SatJun 27,2:00pm
2009,SatJul 4,12:00am
2009,SatJul 11,4:15pm
2009,SatJul 18,8:30am
2009,SatJul 25,10:30am
2009,SatAug 1,9:03pm
2009,SatAug 8,3:00pm
2009,SatAug 15,9:55am
2009,SatAug 29,9:55am
2009,SatSep 12,4:45pm
2009,SatSep 19,8:30am
2009,WedSep 23,Jul Data
2009,SatOct 10,12:15pm
2009,SatOct 17,3:30pm
2009,SatNov 14,9:30pm
2009,SatNov 21,6:30am
2009,SatNov 28,9:30am
2009,SatDec 5,11:00am
2009,SatDec 12,11:00am
2009,SatDec 19,9:30am
2009,SatDec 26,12:00am
2010,SatJan 9,4:00pm
2010,SatJan 16,10:55am
2010,SatJan 23,10:00am
2010,SatFeb 27,2:30pm
2010,SatMar 13,4:45pm
2010,SatApr 17,1:00pm
2010,SatMay 15,11:00am
2010,SatMay 22,7:00pm
2010,SatMay 29,9:55am
2010,SatJun 19,8:30am
2010,SatJul 3,9:00pm
2010,SatJul 17,9:55am
2010,SatJul 24,12:00pm
2010,SatAug 7,3:00pm
2010,SatAug 14,11:30am
2010,SatAug 21,12:00am
2010,SunAug 22,
2010,SatSep 11,10:03pm
2010,SatSep 18,11:30am
2010,TueSep 28,Jul Data
2010,SatNov 20,10:15am
2010,SatNov 27,6:30am
2010,SatDec 4,11:00am
2010,SatDec 18,11:00am
2010,SunDec 19,
2010,SatDec 25,6:00am
2010,SatJan 1,9:00pm
2011,SatJan 15,11:00am
2011,SatJan 22,2:05pm
2011,SatFeb 5,5:00pm
2011,SatFeb 12,10:00pm
2011,SatFeb 26,2:30pm
2011,SatMar 5,11:25am
2011,SatMar 12,4:45pm
2011,SatMar 19,12:00pm
2011,SunMar 27,
2011,SatApr 23,10:15am
2011,SatMay 7,3:00pm
2011,SatMay 14,9:55am
2011,SatMay 21,9:46am
2011,SatJun 4,12:30pm
2011,SatJun 11,2:00pm
2011,SatJun 18,10:00am
2011,SatJun 25,8:30am
2011,SatJul 16,1:10pm
2011,SatJul 23,8:30am
2011,SatJul 30,10:20am
2011,SatAug 6,9:30pm
2011,SatAug 13,10:00am
2011,SatAug 20,10:00am
2011,SunAug 21,
2011,SatSep 3,9:00pm
2011,FriSep 30,Jul Data
2011,SatOct 8,3:00pm
2011,SatNov 5,1:00pm
2011,SatNov 12,2:15pm
2011,SatNov 19,2:15pm
2011,SatNov 26,12:00am
2011,SatDec 3,9:00pm
2011,SatDec 10,10:56pm
2011,MonDec 12,Q2 Data
2011,SatDec 17,1:00pm
2011,SatDec 24,1:15pm
2012,SatJan 14,12:10pm
2012,WedJan 18,Nov Data
2012,SatJan 21,11:00am
2012,SatFeb 4,11:00am
2012,SatFeb 11,2:59pm
2012,SatFeb 18,3:00pm
2012,SatMar 3,9:00pm
2012,SatMar 10,11:00pm
2012,SatMar 17,9:55am
2012,SatApr 7,3:00pm
2012,SatApr 14,1:00pm
2012,SatApr 28,9:55am
2012,SatMay 5,11:25am
2012,SatMay 12,9:55am
2012,SatMay 26,9:55am
2012,SatJun 16,9:55am
2012,SatJun 23,12:30pm
2012,SunJun 24,
2012,SatJul 7,10:30am
2012,SatJul 14,1:20pm
2012,SatJul 21,8:30am
2012,SatJul 28,9:55am
2012,SatAug 4,10:00am
2012,SatAug 11,1:59pm
2012,SatAug 18,10:00am
2012,SatAug 25,9:00am
2012,SunAug 26,
2012,SatSep 22,12:40pm
2012,FriSep 28,Jul Data
2012,SatOct 20,10:00am
2012,SatNov 3,9:00pm
2012,SatNov 10,10:14pm
2012,SatNov 17,4:45pm
2012,SatDec 1,8:59pm
2012,SatDec 15,10:15am
2012,SatDec 22,10:55am
2012,SatDec 29,12:00pm
2013,SatJan 12,3:00pm
2013,SatJan 19,10:55am
2013,SatFeb 9,11:00am
2013,SatFeb 23,7:30pm
2013,SatMar 16,9:55am
2013,SatMar 23,10:00am
2013,SatApr 27,9:55am
2013,SatMay 4,1:05pm
2013,SatJun 1,8:59pm
2013,SatJun 15,9:55am
2013,SatJun 22,8:30am
2013,SatJun 29,9:55am
2013,SatJul 6,10:00am
2013,SatJul 13,1:00pm
2013,SunJul 21,
2013,SatJul 27,9:55am
2013,SatAug 3,9:00pm
2013,SatAug 10,10:00am
2013,SatAug 17,9:55am
2013,SatAug 24,12:00am
2013,SatSep 21,12:55pm
2013,FriSep 27,Jul Data
2013,SatOct 19,4:30pm
2013,MonNov 4,Aug Data
2013,SatNov 16,11:00am
2013,TueNov 19,Sep Data
2013,SatNov 23,1:15pm
2013,SunNov 24,
2013,TueNov 26,Sep Data
2013,MonDec 2,Sep Data
2013,WedDec 4,Sep Data
2013,SatDec 14,9:30am
2013,WedDec 18,Sep Data
2013,WedDec 18,Oct Data
2013,SatDec 21,11:00am
2013,SatDec 28,12:00pm
2013,SunDec 29,
2014,SatJan 11,11:00am
2014,SatJan 18,11:00am
2014,SatFeb 1,9:00pm
2014,SatFeb 8,4:25pm
2014,SatMar 1,8:59pm
2014,SatMar 15,9:55am
2014,TueApr 15,Jan Data
2014,SatApr 19,12:00am
2014,SatApr 26,9:55am
2014,SatMay 3,9:00pm
2014,SatMay 10,6:00pm
2014,SatMay 17,9:55am
2014,SatJun 14,9:55am
2014,SatJun 21,10:00am
2014,SatJun 28,9:55am
2014,SatJul 5,12:00am
2014,SatJul 12,1:01pm
2014,SatJul 19,11:30am
2014,SatJul 26,9:00am
2014,SunJul 27,
2014,SatAug 9,9:30pm
2014,SatAug 16,9:55am
2014,SunAug 24,
2014,SatAug 30,9:55am
2014,WedSep 17,Jun Data
2014,SunSep 28,
2014,TueSep 30,Jul Data
2014,SatOct 18,9:55am
2014,SatNov 1,9:00pm
2014,SatNov 8,10:10pm
2014,SatNov 22,3:45pm
2014,SatNov 29,9:30am
2014,SatDec 6,4:00pm
2014,SatDec 13,10:55am
2014,SatDec 20,9:30am
2014,SatDec 27,12:00am
2014,SunDec 28,
2014,SatJan 3,11:00am
2015,SatJan 10,2:20pm
2015,SatFeb 14,11:00am
2015,SatFeb 21,10:45am
2015,SatMar 14,11:15am
2015,SatMar 21,11:30am
2015,SatApr 11,10:00am
2015,WedApr 15,Jan Data
2015,SatApr 25,10:30am
2015,SatMay 2,12:00am
2015,SatMay 9,9:30pm
2015,SatMay 16,4:00pm
2015,SatJun 6,3:00pm
2015,SatJun 13,10:00am
2015,SatJun 20,11:40am
2015,SatJul 4,12:00am
2015,SatJul 18,10:00am
2015,SatJul 25,10:00am
2015,SatAug 1,9:00pm
2015,SatAug 15,10:00am
2015,SatAug 22,10:00am
2015,SunAug 23,
2015,SunSep 27,
2015,WedSep 30,Jul Data
2015,SatOct 17,4:00pm
2015,SatNov 14,11:30am
2015,SatNov 28,9:30am
2015,SatDec 5,1:20pm
2015,SatDec 19,2:00pm
2015,SatDec 26,12:00am
2015,SatJan 2,12:00am
2016,SatJan 9,9:30pm
2016,SatJan 16,11:00am
2016,SatJan 30,11:00am
2016,SatFeb 6,4:00pm
2016,SatFeb 13,11:00am
2016,SatFeb 20,11:00am
2016,SatMar 5,11:00am
2016,SatMar 19,2:00pm
2016,SatApr 9,10:00am
2016,SatMay 21,12:00am
2016,TueMay 24,Dec Data
2016,TueMay 24,Jan Data
2016,TueMay 24,Feb Data
2016,TueMay 24,Mar Data
2016,SatMay 28,1:15pm
2016,SatJun 11,2:00pm
2016,SatJun 18,1:10pm
2016,SatJun 25,10:00am
2016,SatJul 2,12:00am
2016,SatJul 16,10:00am
2016,SatJul 30,4:00pm
2016,SatAug 6,3:00pm
2016,SatAug 13,10:00am
2016,SatAug 20,8:30am
2016,SunAug 21,
2016,SatSep 17,4:00pm
2016,SatOct 15,4:00pm
2016,SatOct 22,10:15am
2016,SatNov 5,4:00pm
2016,SatNov 12,11:50am
2016,SatNov 19,10:45pm
2016,SatNov 26,10:45am
2016,SunNov 27,
2016,SatDec 3,2:00pm
2016,SatDec 10,11:00am
2016,SatDec 17,9:30am
2016,SatDec 24,11:00am
2017,SatJan 7,1:15pm
2017,SatJan 14,11:00am
2017,SatJan 21,1:00pm
2017,SatJan 28,11:00am
2017,SatFeb 4,11:00am
2017,SatFeb 18,11:00am
2017,SatFeb 25,11:00am
2017,SatMar 4,2:00pm
2017,SatMar 11,3:00pm
2017,SatApr 8,3:00pm
2017,SatApr 15,5:00pm
2017,SatMay 6,3:00pm
2017,SatMay 20,10:00am
2017,SatJun 3,8:30am
2017,SatJun 10,10:00am
2017,SatJun 17,12:45pm
2017,SatJun 24,2:15pm
2017,SatJul 15,10:00am
2017,SatJul 22,8:30am
2017,SatJul 29,1:20pm
2017,SatAug 5,10:00am
2017,SatAug 12,11:30am
2017,SatAug 19,10:15am
2017,SunAug 27,
2017,SatSep 2,12:00am
2017,SatSep 9,9:28pm
2017,WedSep 13,Jul Data
2017,SatOct 7,3:00pm
2017,SatNov 4,12:15pm
2017,SatNov 18,11:30am
2017,SatNov 25,10:45am
2017,SatDec 2,12:00am
2017,SatDec 9,9:30pm
2017,SatDec 16,5:00pm
2017,SatDec 23,11:00am
2007,SatDec 29,11:30am
2008,SatJan 19,11:30am
2008,SatFeb 9,12:00am
2008,SatFeb 16,2:15pm
2008,SatFeb 23,2:30pm
2008,SunFeb 24,2:30pm
2008,SatMar 1,9:00pm
2008,SatMar 8,4:00pm
2008,SatMar 15,1:00pm
2008,SatMar 22,12:00am
2008,SatApr 19,12:00pm
2008,SatApr 26,9:55am
2008,SatMay 3,9:00pm
2008,SatMay 10,8:30am
2008,SatMay 24,10:00am
2008,SatJun 7,3:00pm
2008,SatJun 28,12:30pm
2008,SatJul 5,10:00am
2008,SatJul 12,2:00pm
2008,SatJul 19,8:30am
2008,SatJul 26,10:00am
2008,SatAug 9,10:00am
2008,SatAug 16,9:55am
2008,SatAug 30,9:55am
2008,SatSep 13,10:00am
2008,SatSep 20,10:00am
2008,TueSep 23,Jul Data
2008,SatOct 11,7:00pm
2008,SatOct 18,9:55am
2008,SatNov 1,9:00pm
2008,SatNov 29,9:30am
2008,SatDec 6,4:00pm
2008,SatDec 13,11:00am
2008,SatDec 20,10:00am
2008,SatDec 27,12:00am
2008,SunDec 28,12:00am
2009,SatJan 10,8:01pm
2009,SatJan 17,1:15pm
2009,SatJan 24,11:30am
2009,SatFeb 7,8:01pm
2009,SatFeb 21,9:30am
2009,SatFeb 28,11:45am
2009,SatMar 21,12:00pm
2009,SatMay 9,1:15pm
2009,SatMay 16,9:55am
2009,SatMay 30,9:55am
2009,SatJun 20,9:45am
2009,SatJun 27,2:00pm
2009,SatJul 4,12:00am
2009,SatJul 11,4:15pm
2009,SatJul 18,8:30am
2009,SatJul 25,10:30am
2009,SatAug 1,9:03pm
2009,SatAug 8,3:00pm
2009,SatAug 15,9:55am
2009,SatAug 29,9:55am
2009,SatSep 12,4:45pm
2009,SatSep 19,8:30am
2009,WedSep 23,Jul Data
2009,SatOct 10,12:15pm
2009,SatOct 17,3:30pm
2009,SatNov 14,9:30pm
2009,SatNov 21,6:30am
2009,SatNov 28,9:30am
2009,SatDec 5,11:00am
2009,SatDec 12,11:00am
2009,SatDec 19,9:30am
2009,SatDec 26,12:00am
2010,SatJan 9,4:00pm
2010,SatJan 16,10:55am
2010,SatJan 23,10:00am
2010,SatFeb 27,2:30pm
2010,SatMar 13,4:45pm
2010,SatApr 17,1:00pm
2010,SatMay 15,11:00am
2010,SatMay 22,7:00pm
2010,SatMay 29,9:55am
2010,SatJun 19,8:30am
2010,SatJul 3,9:00pm
2010,SatJul 17,9:55am
2010,SatJul 24,12:00pm
2010,SatAug 7,3:00pm
2010,SatAug 14,11:30am
2010,SatAug 21,12:00am
2010,SunAug 22,12:00am
2010,SatSep 11,10:03pm
2010,SatSep 18,11:30am
2010,TueSep 28,Jul Data
2010,SatNov 20,10:15am
2010,SatNov 27,6:30am
2010,SatDec 4,11:00am
2010,SatDec 18,11:00am
2010,SunDec 19,11:00am
2010,SatDec 25,6:00am
2010,SatJan 1,9:00pm
2011,SatJan 15,11:00am
2011,SatJan 22,2:05pm
2011,SatFeb 5,5:00pm
2011,SatFeb 12,10:00pm
2011,SatFeb 26,2:30pm
2011,SatMar 5,11:25am
2011,SatMar 12,4:45pm
2011,SatMar 19,12:00pm
2011,SunMar 27,9:00pm
2011,SatApr 23,10:15am
2011,SatMay 7,3:00pm
2011,SatMay 14,9:55am
2011,SatMay 21,9:46am
2011,SatJun 4,12:30pm
2011,SatJun 11,2:00pm
2011,SatJun 18,10:00am
2011,SatJun 25,8:30am
2011,SatJul 16,1:10pm
2011,SatJul 23,8:30am
2011,SatJul 30,10:20am
2011,SatAug 6,9:30pm
2011,SatAug 13,10:00am
2011,SatAug 20,10:00am
2011,SunAug 21,10:00am
2011,SatSep 3,9:00pm
2011,FriSep 30,Jul Data
2011,SatOct 8,3:00pm
2011,SatNov 5,1:00pm
2011,SatNov 12,2:15pm
2011,SatNov 19,2:15pm
2011,SatNov 26,12:00am
2011,SatDec 3,9:00pm
2011,SatDec 10,10:56pm
2011,MonDec 12,Q2 Data
2011,SatDec 17,1:00pm
2011,SatDec 24,1:15pm
2012,SatJan 14,12:10pm
2012,WedJan 18,Nov Data
2012,SatJan 21,11:00am
2012,SatFeb 4,11:00am
2012,SatFeb 11,2:59pm
2012,SatFeb 18,3:00pm
2012,SatMar 3,9:00pm
2012,SatMar 10,11:00pm
2012,SatMar 17,9:55am
2012,SatApr 7,3:00pm
2012,SatApr 14,1:00pm
2012,SatApr 28,9:55am
2012,SatMay 5,11:25am
2012,SatMay 12,9:55am
2012,SatMay 26,9:55am
2012,SatJun 16,9:55am
2012,SatJun 23,12:30pm
2012,SunJun 24,12:30pm
2012,SatJul 7,10:30am
2012,SatJul 14,1:20pm
2012,SatJul 21,8:30am
2012,SatJul 28,9:55am
2012,SatAug 4,10:00am
2012,SatAug 11,1:59pm
2012,SatAug 18,10:00am
2012,SatAug 25,9:00am
2012,SunAug 26,9:00am
2012,SatSep 22,12:40pm
2012,FriSep 28,Jul Data
2012,SatOct 20,10:00am
2012,SatNov 3,9:00pm
2012,SatNov 10,10:14pm
2012,SatNov 17,4:45pm
2012,SatDec 1,8:59pm
2012,SatDec 15,10:15am
2012,SatDec 22,10:55am
2012,SatDec 29,12:00pm
2013,SatJan 12,3:00pm
2013,SatJan 19,10:55am
2013,SatFeb 9,11:00am
2013,SatFeb 23,7:30pm
2013,SatMar 16,9:55am
2013,SatMar 23,10:00am
2013,SatApr 27,9:55am
2013,SatMay 4,1:05pm
2013,SatJun 1,8:59pm
2013,SatJun 15,9:55am
2013,SatJun 22,8:30am
2013,SatJun 29,9:55am
2013,SatJul 6,10:00am
2013,SatJul 13,1:00pm
2013,SunJul 21,12:00am
2013,SatJul 27,9:55am
2013,SatAug 3,9:00pm
2013,SatAug 10,10:00am
2013,SatAug 17,9:55am
2013,SatAug 24,12:00am
2013,SatSep 21,12:55pm
2013,FriSep 27,Jul Data
2013,SatOct 19,4:30pm
2013,MonNov 4,Aug Data
2013,SatNov 16,11:00am
2013,TueNov 19,Sep Data
2013,SatNov 23,1:15pm
2013,SunNov 24,1:15pm
2013,TueNov 26,Sep Data
2013,MonDec 2,Sep Data
2013,WedDec 4,Sep Data
2013,SatDec 14,9:30am
2013,WedDec 18,Sep Data
2013,WedDec 18,Oct Data
2013,SatDec 21,11:00am
2013,SatDec 28,12:00pm
2013,SunDec 29,12:00pm
2014,SatJan 11,11:00am
2014,SatJan 18,11:00am
2014,SatFeb 1,9:00pm
2014,SatFeb 8,4:25pm
2014,SatMar 1,8:59pm
2014,SatMar 15,9:55am
2014,TueApr 15,Jan Data
2014,SatApr 19,12:00am
2014,SatApr 26,9:55am
2014,SatMay 3,9:00pm
2014,SatMay 10,6:00pm
2014,SatMay 17,9:55am
2014,SatJun 14,9:55am
2014,SatJun 21,10:00am
2014,SatJun 28,9:55am
2014,SatJul 5,12:00am
2014,SatJul 12,1:01pm
2014,SatJul 19,11:30am
2014,SatJul 26,9:00am
2014,SunJul 27,9:00am
2014,SatAug 9,9:30pm
2014,SatAug 16,9:55am
2014,SunAug 24,12:00am
2014,SatAug 30,9:55am
2014,WedSep 17,Jun Data
2014,SunSep 28,10:00am
2014,TueSep 30,Jul Data
2014,SatOct 18,9:55am
2014,SatNov 1,9:00pm
2014,SatNov 8,10:10pm
2014,SatNov 22,3:45pm
2014,SatNov 29,9:30am
2014,SatDec 6,4:00pm
2014,SatDec 13,10:55am
2014,SatDec 20,9:30am
2014,SatDec 27,12:00am
2014,SunDec 28,12:00am
2014,SatJan 3,11:00am
2015,SatJan 10,2:20pm
2015,SatFeb 14,11:00am
2015,SatFeb 21,10:45am
2015,SatMar 14,11:15am
2015,SatMar 21,11:30am
2015,SatApr 11,10:00am
2015,WedApr 15,Jan Data
2015,SatApr 25,10:30am
2015,SatMay 2,12:00am
2015,SatMay 9,9:30pm
2015,SatMay 16,4:00pm
2015,SatJun 6,3:00pm
2015,SatJun 13,10:00am
2015,SatJun 20,11:40am
2015,SatJul 4,12:00am
2015,SatJul 18,10:00am
2015,SatJul 25,10:00am
2015,SatAug 1,9:00pm
2015,SatAug 15,10:00am
2015,SatAug 22,10:00am
2015,SunAug 23,10:00am
2015,SunSep 27,10:00am
2015,WedSep 30,Jul Data
2015,SatOct 17,4:00pm
2015,SatNov 14,11:30am
2015,SatNov 28,9:30am
2015,SatDec 5,1:20pm
2015,SatDec 19,2:00pm
2015,SatDec 26,12:00am
2015,SatJan 2,12:00am
2016,SatJan 9,9:30pm
2016,SatJan 16,11:00am
2016,SatJan 30,11:00am
2016,SatFeb 6,4:00pm
2016,SatFeb 13,11:00am
2016,SatFeb 20,11:00am
2016,SatMar 5,11:00am
2016,SatMar 19,2:00pm
2016,SatApr 9,10:00am
2016,SatMay 21,12:00am
2016,TueMay 24,Dec Data
2016,TueMay 24,Jan Data
2016,TueMay 24,Feb Data
2016,TueMay 24,Mar Data
2016,SatMay 28,1:15pm
2016,SatJun 11,2:00pm
2016,SatJun 18,1:10pm
2016,SatJun 25,10:00am
2016,SatJul 2,12:00am
2016,SatJul 16,10:00am
2016,SatJul 30,4:00pm
2016,SatAug 6,3:00pm
2016,SatAug 13,10:00am
2016,SatAug 20,8:30am
2016,SunAug 21,8:30am
2016,SatSep 17,4:00pm
2016,SatOct 15,4:00pm
2016,SatOct 22,10:15am
2016,SatNov 5,4:00pm
2016,SatNov 12,11:50am
2016,SatNov 19,10:45pm
2016,SatNov 26,10:45am
2016,SunNov 27,10:45am
2016,SatDec 3,2:00pm
2016,SatDec 10,11:00am
2016,SatDec 17,9:30am
2016,SatDec 24,11:00am
2017,SatJan 7,1:15pm
2017,SatJan 14,11:00am
2017,SatJan 21,1:00pm
2017,SatJan 28,11:00am
2017,SatFeb 4,11:00am
2017,SatFeb 18,11:00am
2017,SatFeb 25,11:00am
2017,SatMar 4,2:00pm
2017,SatMar 11,3:00pm
2017,SatApr 8,3:00pm
2017,SatApr 15,5:00pm
2017,SatMay 6,3:00pm
2017,SatMay 20,10:00am
2017,SatJun 3,8:30am
2017,SatJun 10,10:00am
2017,SatJun 17,12:45pm
2017,SatJun 24,2:15pm
2017,SatJul 15,10:00am
2017,SatJul 22,8:30am
2017,SatJul 29,1:20pm
2017,SatAug 5,10:00am
2017,SatAug 12,11:30am
2017,SatAug 19,10:15am
2017,SunAug 27,12:00am
2017,SatSep 2,12:00am
2017,SatSep 9,9:28pm
2017,WedSep 13,Jul Data
2017,SatOct 7,3:00pm
2017,SatNov 4,12:15pm
2017,SatNov 18,11:30am
2017,SatNov 25,10:45am
2017,SatDec 2,12:00am
2017,SatDec 9,9:30pm
2017,SatDec 16,5:00pm
2017,SatDec 23,11:00am
2018,SatJan 13,12:30pm
2018,SatJan 20,2:30pm
2018,SatJan 27,10:00am
2018,SunJan 28,10:00am
2018,SatFeb 3,3:30pm
2018,SatFeb 10,12:45pm
2018,SatFeb 17,11:00am
2018,SatFeb 24,4:40pm
2018,SunFeb 25,4:40pm
2018,SatMar 3,11:00am
2018,SatMar 10,11:00am
2018,SatMar 17,10:00am
2018,SatApr 7,3:00pm
2018,SatApr 14,5:00pm
2018,SatApr 28,10:00am
2018,SatMay 5,8:00pm
2018,SatMay 12,10:00am
2018,SatMay 19,9:15am
2018,SatMay 26,3:20pm
2018,SatJun 16,4:00pm
2018,SatJun 23,9:45am
2018,SatJun 30,9:00pm
2018,TueJul 3,Tentative
2018,TueJul 3,Tentative
2018,ThuJul 5,Tentative
2018,ThuJul 5,Tentative
2018,SatJul 7,10:30am
